{"AMD Ryzen 3 1300X Quad-Core Processor NVIDIA CUDA GeForce GTX 1060 6GB":{"ruby":{"argmin":{"real":0.6994713310050429,"stime":0.0003970000000000362,"total":0.6993480000000001,"utime":0.6989510000000001},"bias_add_grad":{"real":2.0127085269996314,"stime":0.00884299999999999,"total":2.0127659999999996,"utime":2.0039229999999995},"bias_add":{"real":2.357321960000263,"stime":0.012388999999999983,"total":2.358100000000001,"utime":2.3457110000000014},"conv2d_backprop":{"real":3.7691523899993626,"stime":0.01630799999999999,"total":3.7674049999999997,"utime":3.7510969999999997},"conv2d":{"real":0.8155610260000685,"stime":7.499999999999174e-05,"total":0.814740999999999,"utime":0.814665999999999},"index":{"real":0.003051683001103811,"stime":9.700000000001374e-05,"total":0.003049999999999775,"utime":0.0029529999999997614},"min":{"real":3.6734698959990055,"stime":0.00044999999999995044,"total":3.673832,"utime":3.673382},"sum":{"real":3.214376097996137,"stime":0.0003630000000000022,"total":3.212364000000001,"utime":3.2120010000000008},"sum axis 1":{"real":3.196317292000458,"stime":9.099999999995223e-05,"total":3.1846579999999975,"utime":3.1845669999999977},"split":{"real":0.01630178499908652,"stime":5.000000000032756e-06,"total":0.016249999999997877,"utime":0.016244999999997844},"add_n":{"real":0.14435887400031788,"stime":1.0000000000065512e-05,"total":0.1441550000000018,"utime":0.14414500000000174},"out of order matmul":{"real":1.3991681480038096,"stime":0.0,"total":1.3944140000000012,"utime":1.3944140000000012},"softmax":{"real":0.024757851999311242,"stime":1.4999999999987246e-05,"total":0.02468600000000143,"utime":0.024671000000001442},"matmul":{"real":0.6906598650020896,"stime":0.0,"total":0.6885259999999995,"utime":0.6885259999999995},"test model":{"real":2.419415074000426,"stime":0.003981000000000012,"total":2.411286000000001,"utime":2.407305000000001},"single function test":{"real":0.3469202089981991,"stime":0.0,"total":0.34572,"utime":0.34572},"pow (float)":{"real":0.08169995799835306,"stime":2.8000000000028002e-05,"total":0.08131200000000016,"utime":0.08128400000000013},"pow (int)":{"real":0.016994337995129172,"stime":1.8000000000073513e-05,"total":0.01693699999999798,"utime":0.016918999999997908},"dropout":{"real":12.28708374100097,"stime":0.012360999999999955,"total":12.248976999999998,"utime":12.236615999999998}},"opencl":{"argmin":{"real":0.009765470000274945,"stime":7.899999999999574e-05,"total":0.013080000000000036,"utime":0.01300100000000004},"bias_add_grad":{"real":0.008187171995814424,"stime":0.0,"total":0.010132000000000474,"utime":0.010132000000000474},"bias_add":{"real":0.13262696000310825,"stime":0.019799999999999984,"total":0.1410350000000004,"utime":0.12123500000000043},"conv2d_backprop":{"real":0.026690858998335898,"stime":0.008062999999999987,"total":0.030847999999998932,"utime":0.022784999999998945},"conv2d":{"real":0.018393993996141944,"stime":2.6000000000026002e-05,"total":0.020737999999999646,"utime":0.02071199999999962},"index":{"real":0.010271159000694752,"stime":0.003886999999999974,"total":0.01292399999999927,"utime":0.009036999999999296},"min":{"real":0.14991733899660176,"stime":0.01980599999999999,"total":0.15869099999999836,"utime":0.13888499999999837},"sum":{"real":0.009383951997733675,"stime":0.0,"total":0.010677000000001158,"utime":0.010677000000001158},"sum axis 1":{"real":0.009729436002089642,"stime":0.00014300000000000423,"total":0.011062000000001238,"utime":0.010919000000001233},"split":{"real":0.04105047000484774,"stime":0.004045999999999994,"total":0.0466390000000001,"utime":0.0425930000000001},"add_n":{"real":0.012290088001464028,"stime":2.9999999999752447e-06,"total":0.01211199999999879,"utime":0.012108999999998815},"out of order matmul":{"real":0.014060478999454062,"stime":0.011904000000000026,"total":0.014821000000000084,"utime":0.0029170000000000584},"softmax":{"real":0.010983047999616247,"stime":0.003998999999999975,"total":0.0123929999999991,"utime":0.008393999999999124},"matmul":{"real":0.01355765500193229,"stime":0.0,"total":0.012289000000002659,"utime":0.012289000000002659},"test model":{"real":0.1351553589993273,"stime":0.01983899999999994,"total":0.13749399999999912,"utime":0.11765499999999918},"single function test":{"real":0.12010369999916293,"stime":0.011912000000000034,"total":0.12193599999999927,"utime":0.11002399999999923},"pow (float)":{"real":0.011319365999952424,"stime":0.003947000000000034,"total":0.013680999999998167,"utime":0.009733999999998133},"pow (int)":{"real":0.011995107000984717,"stime":3.799999999998249e-05,"total":0.014032000000000266,"utime":0.013994000000000284},"dropout":{"real":0.20576645899564028,"stime":0.004062999999999928,"total":0.2168000000000041,"utime":0.21273700000000417}}}}