{
  "ruby-2.5.5/windows/AMD Ryzen 3 1300X Quad-Core Processor/NVIDIA CUDA GeForce GTX 1060 6GB": {
    "ruby": {
      "argmin": {
        "real": 0.5717836269999452,
        "stime": 0.0,
        "total": 0.5780000000000003,
        "utime": 0.5780000000000003
      },
      "bias_add_grad": {
        "real": 2.280308563999938,
        "stime": 0.016000000000000014,
        "total": 2.234,
        "utime": 2.218
      },
      "bias_add": {
        "real": 2.081161492000092,
        "stime": 0.0,
        "total": 2.0470000000000006,
        "utime": 2.0470000000000006
      },
      "conv2d_backprop": {
        "real": 3.9330320810000785,
        "stime": 0.015000000000000124,
        "total": 3.9210000000000007,
        "utime": 3.9060000000000006
      },
      "conv2d": {
        "real": 0.8119420420000552,
        "stime": 0.0,
        "total": 0.8119999999999994,
        "utime": 0.8119999999999994
      },
      "index": {
        "real": 0.005713835000051404,
        "stime": 0.0,
        "total": 0.0,
        "utime": 0.0
      },
      "min": {
        "real": 3.6236803629999486,
        "stime": 0.014999999999999902,
        "total": 3.5300000000000002,
        "utime": 3.5150000000000006
      },
      "sum": {
        "real": 3.5159757579999678,
        "stime": 0.0,
        "total": 3.1709999999999994,
        "utime": 3.1709999999999994
      },
      "sum axis 1": {
        "real": 3.204440863000059,
        "stime": 0.0,
        "total": 3.0790000000000006,
        "utime": 3.0790000000000006
      },
      "split": {
        "real": 0.020213428000033673,
        "stime": 0.0,
        "total": 0.030999999999998806,
        "utime": 0.030999999999998806
      },
      "add_n": {
        "real": 0.15371632300002602,
        "stime": 0.0,
        "total": 0.1559999999999988,
        "utime": 0.1559999999999988
      },
      "out of order matmul": {
        "real": 1.598296256000026,
        "stime": 0.0,
        "total": 1.5629999999999988,
        "utime": 1.5629999999999988
      },
      "softmax": {
        "real": 0.03161882200004129,
        "stime": 0.0,
        "total": 0.01600000000000179,
        "utime": 0.01600000000000179
      },
      "matmul": {
        "real": 0.8320086150000634,
        "stime": 0.0,
        "total": 0.75,
        "utime": 0.75
      },
      "test model": {
        "real": 2.7918018939999456,
        "stime": 0.0,
        "total": 2.7029999999999994,
        "utime": 2.7029999999999994
      },
      "single function test": {
        "real": 0.41654277299994646,
        "stime": 0.0,
        "total": 0.375,
        "utime": 0.375
      },
      "pow (float)": {
        "real": 0.10249757899998713,
        "stime": 0.0,
        "total": 0.06299999999999883,
        "utime": 0.06299999999999883
      },
      "pow (int)": {
        "real": 0.030574132999959147,
        "stime": 0.0,
        "total": 0.03200000000000003,
        "utime": 0.03200000000000003
      },
      "dropout": {
        "real": 13.77498282299996,
        "stime": 0.062000000000000055,
        "total": 12.719,
        "utime": 12.657
      }
    },
    "opencl": {
      "argmin": {
        "real": 0.015615803000059714,
        "stime": 0.0,
        "total": 0.016000000000000014,
        "utime": 0.016000000000000014
      },
      "bias_add_grad": {
        "real": 0.013771769999948447,
        "stime": 0.014999999999999902,
        "total": 0.014999999999999902,
        "utime": 0.0
      },
      "bias_add": {
        "real": 0.1256369549998908,
        "stime": 0.016000000000000014,
        "total": 0.12599999999999945,
        "utime": 0.10999999999999943
      },
      "conv2d_backprop": {
        "real": 0.04058953899993867,
        "stime": 0.03200000000000003,
        "total": 0.03200000000000003,
        "utime": 0.0
      },
      "conv2d": {
        "real": 0.02783402499994736,
        "stime": 0.0,
        "total": 0.03200000000000003,
        "utime": 0.03200000000000003
      },
      "index": {
        "real": 0.015506175999917104,
        "stime": 0.0,
        "total": 0.0,
        "utime": 0.0
      },
      "min": {
        "real": 0.19373339399999168,
        "stime": 0.03200000000000003,
        "total": 0.14199999999999946,
        "utime": 0.10999999999999943
      },
      "sum": {
        "real": 0.01319783600001756,
        "stime": 0.0,
        "total": 0.0,
        "utime": 0.0
      },
      "sum axis 1": {
        "real": 0.01374040599989712,
        "stime": 0.0,
        "total": 0.0,
        "utime": 0.0
      },
      "split": {
        "real": 0.05617720299994744,
        "stime": 0.014999999999999902,
        "total": 0.04600000000000226,
        "utime": 0.03100000000000236
      },
      "add_n": {
        "real": 0.015245883000034155,
        "stime": 0.016000000000000014,
        "total": 0.016000000000000014,
        "utime": 0.0
      },
      "out of order matmul": {
        "real": 0.018022044999952413,
        "stime": 0.015000000000000124,
        "total": 0.030000000000000693,
        "utime": 0.015000000000000568
      },
      "softmax": {
        "real": 0.017924141999969834,
        "stime": 0.016000000000000014,
        "total": 0.016000000000000014,
        "utime": 0.0
      },
      "matmul": {
        "real": 0.014557924000087041,
        "stime": 0.016000000000000014,
        "total": 0.016000000000000014,
        "utime": 0.0
      },
      "test model": {
        "real": 0.2164292770000884,
        "stime": 0.014999999999999902,
        "total": 0.2179999999999993,
        "utime": 0.2029999999999994
      },
      "single function test": {
        "real": 0.13157883999997466,
        "stime": 0.016000000000000014,
        "total": 0.14100000000000001,
        "utime": 0.125
      },
      "pow (float)": {
        "real": 0.025822618000006514,
        "stime": 0.0,
        "total": 0.015000000000000568,
        "utime": 0.015000000000000568
      },
      "pow (int)": {
        "real": 0.02038636999998289,
        "stime": 0.0,
        "total": 0.015000000000000568,
        "utime": 0.015000000000000568
      },
      "dropout": {
        "real": 0.286617729999989,
        "stime": 0.0,
        "total": 0.21800000000000352,
        "utime": 0.21800000000000352
      }
    }
  }
}